,Question 11 Reponse 1,Question 11 Response 2,Question 12 Response,Question 13 Response,Question 14 Response,Question 15 Response,Question 16 Response,Question 17 Response,Question 18 Response,Question 19 Response,Question 19 Other (please specify),Question 20 Response,Question 21 Response,Question 22 Reponse 1,Question 22 Reponse 2,Question 23 Response,Question 24 Response 1,Question 24 Response 2,Question 24 Response 3,Question 24 Response 4,Question 24 Response 5,Question 25 Response 1,Question 25 Response 2,Question 25 Response 3,Question 25 Response 4,Question 25 Response 5,Question 25 Response 6,Question 25 Response 7,Question 25 Response 8,Question 25 Response 9,Question 26 Response 1,Question 26 Response 2,Question 26 Response 3,Question 26 Response 4,Question 27 Response 1,Question 27 Response 2,Question 28 Response,Question 29 Response 1,Question 29 Response 2,Question 29 Response 3,Question 29 Response 4,Question 29 Response 5,Question 29 Response 6,Question 29 Response 7,Question 29 Response 8,Question 29 Response 9,Question 29 Response 10,Question 29 Response 11,Question 29 Response 12,Question 29 Response 13,Question 29 Response 14,Question 30 Response 1,Question 30 Response 2,Question 30 Response 3
0,,Answer 8,,,Answer 2,Answer 2,Answer 4,Answer 6,Answer 4,,Answer 8,Answer 8,,Answer 8,,,,,Answer 2,Answer 5,Answer 8,Answer 7,Answer 8,Answer 8,,Answer 4,Answer 5,,Answer 6,,Answer 4,Answer 5,,Answer 7,Answer 5,,,Answer 3,Answer 2,Answer 5,Answer 6,,Answer 6,Answer 1,,Answer 8,Answer 8,Answer 4,,,Answer 5,,,
1,Answer 5,Answer 1,Answer 3,,Answer 4,Answer 1,Answer 4,,,,Answer 5,Answer 4,,Answer 8,Answer 4,Answer 7,,,,,,Answer 5,,,Answer 7,Answer 2,,Answer 1,,Answer 6,Answer 3,Answer 6,,,Answer 1,,,,Answer 4,Answer 2,,Answer 5,Answer 4,Answer 1,,Answer 5,,,Answer 2,,Answer 5,,,Answer 1
2,Answer 8,Answer 1,,Answer 8,Answer 6,,Answer 7,Answer 5,,Answer 8,Answer 4,,Answer 4,Answer 5,,Answer 3,Answer 1,Answer 2,,,Answer 6,Answer 4,,,,Answer 7,Answer 3,Answer 5,Answer 5,Answer 7,,Answer 7,Answer 1,Answer 7,Answer 4,,Answer 4,,Answer 7,,Answer 3,Answer 8,Answer 3,Answer 7,,,Answer 4,Answer 4,Answer 6,,Answer 6,,Answer 1,
3,,Answer 5,Answer 1,Answer 5,,,Answer 4,,,,,,,Answer 5,Answer 6,Answer 7,Answer 3,Answer 5,,,Answer 2,Answer 3,Answer 8,Answer 8,Answer 5,Answer 4,,Answer 6,,Answer 3,,Answer 4,,Answer 1,,Answer 8,Answer 3,Answer 7,,,Answer 7,Answer 1,Answer 2,Answer 5,Answer 2,Answer 5,Answer 7,,Answer 6,,Answer 7,Answer 7,Answer 1,Answer 6
4,Answer 7,,,Answer 2,,Answer 5,Answer 3,Answer 3,Answer 2,,Answer 4,Answer 8,Answer 7,,,,,,Answer 1,Answer 6,Answer 6,,Answer 7,Answer 6,Answer 8,Answer 4,Answer 1,Answer 6,,Answer 5,Answer 3,Answer 1,Answer 2,Answer 5,Answer 6,Answer 3,Answer 4,Answer 7,Answer 5,Answer 6,,Answer 6,Answer 5,Answer 4,,Answer 5,Answer 4,Answer 4,Answer 7,Answer 7,,Answer 7,,Answer 8
5,,Answer 1,Answer 6,,Answer 4,,,Answer 1,,,,,,Answer 6,Answer 4,,Answer 5,Answer 3,Answer 4,,Answer 5,Answer 5,,,Answer 3,Answer 2,Answer 8,,Answer 7,Answer 6,Answer 1,,Answer 3,Answer 3,Answer 6,Answer 1,,Answer 2,,,,Answer 7,,Answer 3,Answer 1,Answer 1,,,,Answer 4,Answer 2,Answer 6,Answer 7,Answer 4
6,,Answer 5,,Answer 6,Answer 3,Answer 6,,,Answer 2,Answer 6,,Answer 3,,,Answer 3,,Answer 1,,,Answer 4,,Answer 4,,Answer 5,,Answer 8,Answer 5,Answer 4,,,Answer 8,Answer 3,,Answer 3,Answer 7,,,Answer 4,Answer 8,Answer 8,Answer 5,Answer 5,,,,Answer 5,Answer 2,Answer 5,,Answer 1,,,,Answer 1
7,Answer 8,,,,,Answer 4,Answer 5,Answer 5,,,Answer 3,,,Answer 4,,Answer 5,,,,,Answer 1,Answer 6,Answer 3,,,Answer 7,,,Answer 3,Answer 6,Answer 7,Answer 5,Answer 6,Answer 2,,Answer 6,Answer 2,,Answer 3,,Answer 7,Answer 4,,,,Answer 4,,,,,,Answer 7,Answer 3,Answer 6
8,Answer 5,Answer 7,Answer 4,Answer 5,Answer 8,,Answer 1,,Answer 6,Answer 8,Answer 3,Answer 4,Answer 7,,,Answer 7,,,,,Answer 4,,Answer 8,Answer 3,Answer 3,,,,,Answer 2,,Answer 7,,,,,,,Answer 1,Answer 5,Answer 5,,Answer 8,Answer 1,Answer 6,Answer 7,,Answer 2,,Answer 6,Answer 5,Answer 1,,
9,,Answer 5,,,,,Answer 5,Answer 4,,Answer 8,,Answer 3,Answer 2,Answer 2,Answer 6,,Answer 5,Answer 8,Answer 8,Answer 6,,Answer 3,Answer 1,Answer 1,Answer 7,,Answer 2,,,Answer 6,Answer 3,Answer 1,Answer 8,,,Answer 4,Answer 3,Answer 6,Answer 2,Answer 1,,Answer 3,Answer 2,,Answer 3,Answer 4,Answer 7,Answer 1,Answer 1,,,,Answer 5,
10,,,,,Answer 5,Answer 3,,Answer 7,Answer 3,,Answer 3,,Answer 1,,Answer 1,,Answer 7,,Answer 3,Answer 5,,,,Answer 1,Answer 5,,,Answer 6,Answer 5,,,Answer 4,,,Answer 3,Answer 8,,Answer 4,,,,Answer 6,Answer 2,Answer 7,Answer 1,,Answer 3,Answer 5,,Answer 7,Answer 1,,,
11,Answer 2,Answer 4,,Answer 4,Answer 7,Answer 8,Answer 2,,Answer 6,Answer 4,Answer 3,Answer 1,Answer 2,,Answer 2,Answer 8,Answer 5,,,,Answer 3,,Answer 6,Answer 2,Answer 3,,Answer 6,,,Answer 7,Answer 2,,,,Answer 3,Answer 4,Answer 8,Answer 2,,Answer 2,Answer 6,Answer 5,Answer 1,,,Answer 3,Answer 2,,,,Answer 7,,Answer 1,Answer 3
12,Answer 6,Answer 6,,,,,,Answer 1,Answer 5,Answer 4,Answer 1,,Answer 2,,Answer 2,Answer 6,,,Answer 4,Answer 6,Answer 5,Answer 8,,,Answer 8,Answer 6,Answer 4,,,Answer 4,,Answer 4,Answer 7,Answer 7,Answer 4,Answer 8,Answer 2,Answer 6,Answer 2,,,Answer 8,Answer 6,Answer 3,Answer 5,,Answer 2,Answer 7,Answer 6,,Answer 1,Answer 6,Answer 8,
13,Answer 2,,Answer 3,Answer 4,Answer 3,Answer 7,Answer 5,,,Answer 4,Answer 4,,Answer 5,Answer 5,Answer 1,,Answer 5,Answer 8,Answer 2,Answer 1,Answer 3,,Answer 4,,,Answer 8,,Answer 5,Answer 5,,,Answer 3,,,,Answer 2,,,Answer 7,Answer 4,,Answer 4,Answer 5,Answer 8,Answer 3,,,Answer 2,,Answer 8,Answer 4,,,Answer 5
14,,Answer 1,Answer 7,,Answer 6,Answer 4,Answer 6,Answer 6,,,,,,,Answer 6,,Answer 3,,,,Answer 4,Answer 5,,Answer 2,Answer 5,,Answer 8,,,,,,,Answer 8,,,,Answer 1,Answer 1,,,Answer 6,,Answer 7,Answer 1,,Answer 1,,,Answer 5,,Answer 2,Answer 8,Answer 4
15,Answer 1,,Answer 5,Answer 7,,,,Answer 5,Answer 6,Answer 3,Answer 8,,Answer 1,Answer 5,Answer 7,,,,,Answer 3,,,Answer 6,,Answer 8,,Answer 7,Answer 1,Answer 6,Answer 8,Answer 5,,,,,Answer 5,Answer 7,Answer 7,,Answer 4,Answer 6,,Answer 1,Answer 6,Answer 8,Answer 7,,,Answer 7,Answer 3,Answer 7,Answer 6,Answer 1,
16,,,,Answer 2,Answer 7,Answer 6,,,,Answer 4,Answer 5,Answer 8,Answer 3,,Answer 6,,,Answer 6,Answer 6,,,,,,Answer 6,Answer 5,Answer 6,Answer 4,Answer 4,,Answer 5,Answer 4,Answer 8,Answer 7,Answer 3,Answer 6,Answer 5,Answer 4,Answer 4,,,Answer 7,Answer 5,,Answer 2,Answer 4,Answer 3,,,Answer 8,Answer 8,,Answer 7,Answer 1
17,Answer 5,Answer 6,Answer 7,,Answer 2,Answer 2,,,,,Answer 3,Answer 8,Answer 5,,Answer 6,Answer 3,Answer 4,Answer 5,Answer 5,,,,,Answer 5,Answer 1,,Answer 1,,Answer 1,Answer 7,Answer 6,,Answer 5,,Answer 4,,Answer 6,,Answer 2,Answer 1,Answer 2,Answer 4,,Answer 2,Answer 7,Answer 3,,Answer 6,Answer 7,,Answer 8,Answer 4,Answer 2,Answer 4
18,,Answer 1,,Answer 6,,,Answer 8,,Answer 1,Answer 7,,Answer 2,Answer 7,Answer 1,Answer 5,Answer 8,Answer 7,,,,,,Answer 5,Answer 2,,Answer 4,,,,Answer 5,,Answer 7,Answer 1,Answer 4,,,Answer 2,Answer 8,Answer 7,Answer 7,Answer 7,Answer 3,Answer 1,Answer 5,Answer 4,Answer 1,,Answer 1,Answer 8,,Answer 6,,,Answer 6
19,Answer 1,,,,,,,Answer 8,Answer 3,Answer 3,Answer 3,,Answer 3,Answer 1,Answer 2,Answer 6,,,Answer 3,Answer 4,Answer 8,,,Answer 3,Answer 1,Answer 1,,Answer 7,,,Answer 4,Answer 1,Answer 4,,,Answer 3,Answer 4,Answer 4,Answer 8,,Answer 6,Answer 3,,Answer 7,,Answer 4,Answer 2,,,,Answer 4,,Answer 8,Answer 6
20,,Answer 3,,,Answer 2,,Answer 3,Answer 2,Answer 5,,Answer 5,,Answer 6,Answer 4,Answer 3,Answer 3,Answer 7,Answer 3,,Answer 3,,,Answer 7,,,Answer 8,Answer 3,Answer 5,Answer 8,,Answer 3,Answer 3,,Answer 6,,Answer 8,Answer 6,,,,Answer 2,Answer 4,,,,,Answer 2,,,Answer 3,Answer 8,Answer 7,Answer 7,
21,,,,Answer 7,,,,Answer 8,Answer 2,Answer 3,,,,,Answer 3,Answer 6,Answer 2,,,Answer 3,Answer 5,Answer 5,Answer 3,,Answer 7,,Answer 7,,Answer 5,,,,,Answer 6,Answer 2,,Answer 7,Answer 8,Answer 3,,Answer 5,,Answer 4,Answer 2,Answer 3,Answer 4,Answer 6,Answer 2,Answer 8,Answer 6,,Answer 2,,Answer 3
22,Answer 2,Answer 7,Answer 6,Answer 7,Answer 6,,,Answer 1,,Answer 4,Answer 6,Answer 5,Answer 1,,,,Answer 8,,,,,Answer 3,,,Answer 6,Answer 4,Answer 3,Answer 7,Answer 8,Answer 3,Answer 4,Answer 7,Answer 5,Answer 2,Answer 6,,Answer 6,,,,Answer 7,Answer 1,,,,,Answer 8,Answer 7,,,,,,
23,Answer 6,,,,,Answer 8,,,Answer 1,Answer 4,Answer 5,,,Answer 6,,,,Answer 1,Answer 8,,,,Answer 8,Answer 3,Answer 1,Answer 3,,,,Answer 1,Answer 2,,,Answer 5,,Answer 1,,Answer 6,Answer 6,,,,,,,,,Answer 1,,Answer 2,Answer 4,Answer 1,Answer 5,
24,Answer 4,Answer 7,,Answer 5,,,Answer 6,Answer 1,,,,Answer 3,Answer 6,Answer 2,,Answer 1,Answer 5,,Answer 5,,,Answer 1,Answer 5,Answer 7,,Answer 6,,Answer 2,Answer 5,Answer 4,,,Answer 1,Answer 7,Answer 7,Answer 5,Answer 7,Answer 3,Answer 2,Answer 3,Answer 2,,,,Answer 4,Answer 7,Answer 4,Answer 4,Answer 3,Answer 5,Answer 7,,Answer 6,
25,Answer 8,,Answer 4,Answer 2,,Answer 3,,Answer 6,Answer 6,Answer 1,,Answer 3,,Answer 4,Answer 7,Answer 3,Answer 1,Answer 5,Answer 4,,Answer 3,Answer 1,Answer 1,Answer 5,Answer 8,,Answer 4,Answer 5,Answer 5,,,Answer 2,,,Answer 8,,Answer 1,,Answer 7,,Answer 4,,,Answer 5,,,Answer 6,,,Answer 3,,Answer 1,,
26,,,Answer 1,Answer 2,,,,Answer 4,Answer 3,,,Answer 8,,,Answer 7,,Answer 8,,,Answer 7,Answer 4,Answer 5,,Answer 1,Answer 5,Answer 1,,Answer 2,,Answer 8,,Answer 4,,,Answer 6,,,Answer 2,,Answer 6,Answer 6,,Answer 2,,,Answer 5,Answer 4,,Answer 7,Answer 4,,Answer 8,,
27,,Answer 6,,,,,Answer 3,,,Answer 6,Answer 2,Answer 7,,,Answer 4,,,,Answer 8,Answer 8,,,Answer 2,Answer 3,Answer 4,Answer 2,Answer 2,Answer 6,Answer 5,Answer 4,Answer 1,Answer 1,Answer 3,Answer 4,,Answer 5,,Answer 8,,Answer 7,Answer 1,Answer 7,,,Answer 3,Answer 4,,,,,Answer 5,Answer 6,Answer 1,Answer 6
28,Answer 1,,Answer 1,Answer 4,Answer 6,,,Answer 4,,Answer 4,Answer 2,Answer 2,Answer 4,,,,,Answer 2,,,Answer 4,,,Answer 7,,,,Answer 5,Answer 1,Answer 6,,Answer 3,Answer 8,Answer 5,,,Answer 5,Answer 1,Answer 1,,Answer 3,Answer 1,Answer 1,,,Answer 6,Answer 7,Answer 2,Answer 2,Answer 3,Answer 1,,Answer 5,Answer 8
29,Answer 4,Answer 7,Answer 7,Answer 5,Answer 6,,Answer 1,,Answer 4,,,,Answer 6,Answer 6,Answer 8,Answer 2,Answer 4,Answer 4,,,Answer 4,Answer 2,,,,,Answer 8,,Answer 6,,,Answer 4,Answer 7,Answer 4,Answer 1,Answer 8,,,,,Answer 8,,,,Answer 6,,Answer 3,Answer 3,,Answer 2,,Answer 5,,Answer 6
30,Answer 4,Answer 7,Answer 3,,Answer 4,,Answer 7,Answer 1,,Answer 3,Answer 4,Answer 6,Answer 2,Answer 8,,Answer 8,,Answer 5,Answer 5,Answer 7,Answer 6,Answer 5,,Answer 3,,Answer 8,Answer 4,,Answer 2,Answer 2,,Answer 7,Answer 8,Answer 3,Answer 7,,,Answer 2,Answer 6,Answer 2,Answer 1,Answer 6,Answer 3,,Answer 8,,,Answer 5,,,Answer 4,,Answer 6,Answer 3
31,Answer 6,,Answer 7,,,Answer 8,Answer 3,Answer 8,Answer 3,,,,Answer 1,Answer 6,Answer 2,Answer 6,,Answer 5,Answer 5,,Answer 3,Answer 5,Answer 5,Answer 1,,Answer 4,,Answer 7,Answer 8,,,Answer 5,,,Answer 4,,Answer 1,Answer 6,Answer 1,,,Answer 3,Answer 6,Answer 4,,Answer 2,Answer 5,Answer 4,Answer 3,Answer 4,Answer 4,,Answer 1,Answer 3
32,Answer 7,Answer 7,,Answer 4,,,,,,Answer 4,Answer 5,Answer 3,Answer 8,,Answer 5,Answer 4,,Answer 7,Answer 5,Answer 6,,,Answer 7,Answer 1,Answer 5,Answer 8,Answer 3,Answer 7,,Answer 6,Answer 5,Answer 7,,,,,,,Answer 4,Answer 5,Answer 2,Answer 2,Answer 6,Answer 8,Answer 1,Answer 6,Answer 5,,Answer 4,,Answer 6,Answer 4,,Answer 7
33,Answer 5,Answer 3,,Answer 3,,Answer 4,Answer 4,,Answer 7,,Answer 3,,,,Answer 3,,,,Answer 5,Answer 5,,Answer 5,Answer 7,,,,,Answer 2,,Answer 6,Answer 4,Answer 5,Answer 7,,,,,Answer 4,,Answer 2,,Answer 7,,,Answer 8,Answer 3,,Answer 4,Answer 2,Answer 1,Answer 8,Answer 6,,
34,Answer 6,Answer 5,Answer 7,Answer 1,Answer 2,Answer 5,,Answer 4,Answer 4,Answer 7,,,Answer 7,,Answer 8,Answer 7,,,,Answer 4,,,Answer 4,Answer 8,Answer 6,Answer 1,,Answer 8,Answer 5,,,Answer 2,Answer 8,Answer 6,,,Answer 2,Answer 4,Answer 6,Answer 2,,,Answer 2,,Answer 7,,Answer 8,Answer 8,Answer 3,,,Answer 2,Answer 5,
35,,,,Answer 2,,Answer 4,,Answer 1,,Answer 6,Answer 1,Answer 7,Answer 2,Answer 3,Answer 5,Answer 6,Answer 5,Answer 2,Answer 8,,,,Answer 8,Answer 2,,Answer 7,Answer 1,,Answer 5,Answer 3,Answer 4,Answer 6,Answer 4,,,Answer 7,Answer 3,,Answer 7,,Answer 3,,Answer 4,Answer 1,Answer 2,Answer 1,Answer 3,Answer 4,Answer 6,,Answer 8,,,Answer 5
36,Answer 2,,,Answer 7,,Answer 2,,Answer 4,Answer 8,Answer 6,,Answer 2,,Answer 3,,Answer 2,,Answer 5,Answer 2,,,Answer 7,Answer 6,,Answer 4,,,,,,,Answer 5,Answer 3,Answer 5,,Answer 7,Answer 4,Answer 8,Answer 2,Answer 1,Answer 1,Answer 6,,,,Answer 3,,,Answer 4,,Answer 1,Answer 8,Answer 3,Answer 5
37,Answer 1,Answer 8,Answer 2,,Answer 2,Answer 4,,Answer 3,,,Answer 2,Answer 2,Answer 7,,Answer 3,Answer 4,Answer 5,,,Answer 2,Answer 3,Answer 6,Answer 6,Answer 2,Answer 4,Answer 8,Answer 7,,,Answer 3,,,,Answer 7,,,,Answer 8,Answer 8,,Answer 8,Answer 1,,,Answer 8,Answer 6,,,,Answer 8,,,,Answer 2
38,,,Answer 2,,Answer 7,Answer 2,Answer 1,,Answer 6,,Answer 2,,Answer 3,Answer 3,,,,Answer 1,Answer 7,Answer 3,,Answer 1,,,,,Answer 3,Answer 6,Answer 5,Answer 7,Answer 8,Answer 4,,Answer 4,Answer 7,Answer 4,Answer 3,,Answer 6,Answer 5,,Answer 2,Answer 8,Answer 1,Answer 7,,Answer 3,,Answer 4,Answer 2,,Answer 4,Answer 4,
39,,Answer 5,Answer 6,,Answer 7,Answer 2,,Answer 4,,Answer 8,,Answer 7,Answer 4,Answer 5,Answer 8,Answer 3,,,Answer 8,,,Answer 2,Answer 4,Answer 2,Answer 7,,,,,Answer 2,Answer 7,Answer 2,,Answer 4,,Answer 1,Answer 1,Answer 8,Answer 6,,Answer 3,Answer 1,,,Answer 1,Answer 2,,Answer 8,,,,,Answer 8,
40,Answer 2,Answer 2,Answer 3,,Answer 2,Answer 5,,Answer 5,Answer 6,,Answer 5,Answer 6,Answer 8,Answer 5,Answer 1,,Answer 4,Answer 2,,,,,,,Answer 5,Answer 3,Answer 6,Answer 7,,Answer 5,,Answer 2,Answer 3,Answer 4,Answer 5,,Answer 7,Answer 1,Answer 6,Answer 5,Answer 1,Answer 4,Answer 6,Answer 6,,Answer 6,Answer 2,Answer 8,,Answer 4,Answer 3,Answer 8,Answer 3,Answer 7
41,,Answer 2,,Answer 2,Answer 4,,,Answer 5,Answer 3,Answer 4,Answer 6,,Answer 3,,,Answer 6,Answer 3,Answer 2,,,Answer 1,,Answer 5,,Answer 7,Answer 2,Answer 8,Answer 2,Answer 8,Answer 6,,,Answer 7,Answer 3,,,Answer 6,,Answer 2,Answer 2,,Answer 3,Answer 1,,,Answer 2,,Answer 4,,Answer 8,,,,Answer 3
42,,Answer 4,Answer 3,,,Answer 8,,Answer 2,,Answer 8,Answer 4,,Answer 4,Answer 3,Answer 3,Answer 4,,Answer 4,Answer 5,Answer 1,Answer 6,,Answer 2,Answer 3,,Answer 3,,,,Answer 8,,,,Answer 2,,Answer 4,Answer 7,,Answer 7,,,,Answer 7,Answer 2,,Answer 5,Answer 1,Answer 3,,,,,Answer 6,Answer 1
43,Answer 2,,Answer 3,,,,Answer 8,Answer 8,,Answer 2,Answer 8,Answer 3,Answer 1,Answer 1,,,Answer 2,,Answer 5,Answer 6,Answer 2,,,,,,,Answer 4,Answer 2,Answer 5,,Answer 2,,Answer 3,Answer 1,Answer 2,Answer 4,Answer 8,Answer 2,Answer 7,Answer 7,Answer 3,Answer 4,,Answer 1,Answer 6,Answer 1,Answer 3,Answer 4,Answer 8,,,Answer 1,Answer 6
44,Answer 8,Answer 1,,,Answer 8,Answer 8,Answer 2,Answer 5,,Answer 7,Answer 5,,Answer 5,Answer 6,Answer 3,Answer 1,,Answer 6,Answer 2,Answer 7,Answer 3,,,,Answer 5,Answer 2,,Answer 5,,,,,,Answer 2,,,Answer 3,,,,,,,,Answer 5,Answer 6,,,,Answer 2,Answer 5,,Answer 3,Answer 5
45,,,Answer 5,Answer 3,,,Answer 4,Answer 8,Answer 5,,,,,,Answer 5,,,Answer 6,,,,Answer 1,,,Answer 6,,Answer 4,Answer 2,,Answer 3,Answer 3,Answer 7,,,Answer 7,,Answer 8,Answer 7,,,Answer 6,Answer 6,Answer 4,Answer 2,,,,Answer 1,Answer 4,Answer 2,Answer 5,Answer 5,Answer 7,Answer 8
46,Answer 7,,Answer 1,,,Answer 3,,,Answer 8,Answer 5,Answer 4,Answer 1,Answer 2,Answer 5,,,,Answer 7,Answer 3,Answer 3,Answer 8,,Answer 5,Answer 3,Answer 2,Answer 3,,Answer 8,,Answer 7,Answer 8,,Answer 3,,,,Answer 1,,Answer 1,Answer 3,Answer 2,,,Answer 6,Answer 3,,Answer 3,,,Answer 5,Answer 4,Answer 1,Answer 1,
47,,,Answer 3,Answer 3,,Answer 3,Answer 6,Answer 7,,Answer 3,Answer 4,,Answer 3,Answer 2,,,Answer 5,,Answer 6,Answer 2,Answer 1,,Answer 2,Answer 2,Answer 8,,Answer 4,Answer 7,Answer 3,,Answer 2,,Answer 2,Answer 1,,,Answer 2,Answer 5,,Answer 7,Answer 7,,,Answer 4,,Answer 4,Answer 5,Answer 5,Answer 6,,,,,Answer 7
48,,,,,Answer 5,,Answer 6,Answer 6,,Answer 1,,Answer 4,Answer 3,,Answer 1,Answer 2,,Answer 5,Answer 6,,Answer 4,,Answer 7,Answer 2,,,Answer 5,,,Answer 3,Answer 1,,Answer 6,,,,Answer 6,,,Answer 7,Answer 1,,Answer 4,,Answer 1,Answer 4,,Answer 5,,,Answer 3,,,Answer 6
49,Answer 8,Answer 4,Answer 5,Answer 3,Answer 5,,Answer 2,Answer 7,Answer 4,Answer 2,Answer 3,,Answer 2,,Answer 8,Answer 3,,Answer 1,Answer 3,,Answer 3,Answer 3,Answer 2,Answer 6,,,Answer 3,,Answer 4,,Answer 1,,,,,Answer 2,Answer 2,Answer 7,Answer 3,Answer 3,Answer 7,,,Answer 2,,Answer 7,,,Answer 6,,Answer 4,Answer 3,,Answer 1
50,Answer 7,,Answer 3,,Answer 5,Answer 2,Answer 8,Answer 5,,Answer 3,,Answer 2,Answer 3,Answer 1,Answer 2,,,Answer 8,Answer 3,Answer 8,Answer 8,,,Answer 3,Answer 2,,Answer 8,Answer 8,Answer 1,Answer 3,Answer 1,Answer 1,,,,,,,,,,,,,Answer 2,,Answer 2,,Answer 5,,Answer 1,,Answer 5,Answer 6
51,Answer 1,,Answer 7,Answer 4,,Answer 3,,Answer 7,Answer 5,Answer 6,,Answer 1,Answer 5,Answer 1,Answer 3,,Answer 5,Answer 5,Answer 4,Answer 6,,Answer 3,,,Answer 2,Answer 3,,,Answer 5,Answer 7,,,,Answer 3,Answer 4,Answer 7,Answer 8,,,Answer 7,Answer 8,,,,Answer 5,,,,,,Answer 7,,Answer 4,Answer 8
52,,Answer 3,Answer 5,Answer 4,Answer 6,Answer 2,,,Answer 1,,Answer 2,Answer 1,Answer 2,Answer 6,Answer 3,Answer 6,,Answer 6,,Answer 3,Answer 3,Answer 7,Answer 1,,Answer 2,Answer 7,,Answer 2,,,Answer 3,,Answer 7,,Answer 6,,Answer 5,,Answer 3,Answer 8,,Answer 2,,Answer 8,,Answer 7,,,Answer 8,Answer 6,,,Answer 2,Answer 3
53,Answer 5,Answer 5,,Answer 8,Answer 4,Answer 1,,Answer 8,Answer 8,,,Answer 3,Answer 3,,Answer 5,Answer 5,,,Answer 4,Answer 6,Answer 5,Answer 8,,,,,,Answer 2,,Answer 8,,Answer 5,Answer 5,,,Answer 6,Answer 2,Answer 6,Answer 1,,,,Answer 8,,Answer 2,Answer 5,,Answer 1,Answer 2,,Answer 2,Answer 6,,Answer 5
54,,,Answer 2,Answer 1,Answer 5,,Answer 6,Answer 1,Answer 5,,Answer 4,,,Answer 3,Answer 6,Answer 1,Answer 7,,Answer 3,Answer 2,Answer 7,Answer 6,,,Answer 2,,Answer 8,Answer 6,Answer 6,Answer 3,Answer 3,Answer 3,,Answer 8,Answer 8,Answer 3,Answer 7,Answer 1,Answer 8,,,,,,Answer 4,,,Answer 8,,,,,Answer 5,Answer 4
55,,Answer 5,Answer 8,,,Answer 2,Answer 2,Answer 1,,Answer 7,Answer 8,Answer 8,Answer 4,Answer 3,Answer 6,Answer 1,,Answer 7,,Answer 2,Answer 5,Answer 4,,Answer 3,Answer 2,Answer 2,Answer 4,,Answer 8,,Answer 5,Answer 6,,Answer 4,,,Answer 3,,,Answer 4,,,Answer 2,Answer 3,,Answer 3,Answer 8,,,Answer 7,,,,Answer 4
56,Answer 1,,,,,Answer 2,Answer 8,Answer 3,Answer 3,Answer 6,Answer 2,,Answer 1,,Answer 1,,Answer 7,Answer 6,Answer 6,,Answer 7,,Answer 2,Answer 4,,Answer 2,,,,Answer 4,Answer 5,Answer 7,,,Answer 3,,,,Answer 4,Answer 2,,,,Answer 5,,Answer 2,Answer 8,Answer 7,Answer 3,,Answer 3,,Answer 4,Answer 6
57,,,Answer 6,Answer 8,,Answer 8,Answer 2,Answer 5,,Answer 5,,Answer 7,,Answer 8,,Answer 1,Answer 1,,,Answer 1,,,Answer 5,Answer 5,Answer 2,Answer 5,,,Answer 5,,Answer 2,Answer 2,,Answer 4,,Answer 6,Answer 4,,,,,Answer 1,Answer 6,Answer 6,,,Answer 1,Answer 7,Answer 6,Answer 8,Answer 6,Answer 5,Answer 8,Answer 8
58,Answer 1,Answer 2,Answer 4,Answer 7,Answer 2,Answer 6,,,Answer 4,,Answer 1,Answer 8,Answer 1,Answer 7,Answer 6,,Answer 3,Answer 7,,,,,,,Answer 3,,Answer 7,Answer 6,Answer 4,,Answer 4,,,,Answer 5,,,,Answer 4,,Answer 7,,Answer 6,Answer 2,Answer 1,,Answer 6,,Answer 5,Answer 7,,,Answer 6,Answer 3
59,Answer 3,Answer 1,,Answer 6,Answer 3,Answer 5,Answer 8,Answer 1,Answer 1,Answer 6,Answer 8,,Answer 7,Answer 4,,Answer 2,Answer 1,,Answer 6,,Answer 5,Answer 6,Answer 3,,,Answer 2,Answer 7,Answer 1,,Answer 3,,Answer 1,Answer 1,,Answer 2,,,Answer 8,,Answer 6,,Answer 7,Answer 7,Answer 4,Answer 8,,,Answer 1,Answer 7,Answer 6,,Answer 1,Answer 1,Answer 8
60,Answer 1,Answer 3,,Answer 6,Answer 2,Answer 5,Answer 5,Answer 8,,Answer 1,,,,Answer 5,Answer 1,Answer 7,Answer 1,Answer 6,Answer 5,,,,,,,Answer 3,Answer 7,Answer 1,Answer 1,Answer 7,,,,Answer 7,Answer 6,Answer 7,Answer 7,,Answer 1,,,Answer 7,,Answer 4,,Answer 5,,Answer 5,Answer 5,Answer 1,Answer 2,Answer 1,,Answer 5
61,Answer 4,Answer 6,Answer 3,Answer 4,,,,,Answer 4,Answer 3,Answer 7,,,Answer 1,,,Answer 1,,Answer 4,Answer 3,Answer 8,,,,,Answer 6,,Answer 7,Answer 7,,Answer 8,Answer 4,,Answer 7,Answer 1,,Answer 1,,Answer 2,,,,,Answer 1,Answer 4,Answer 7,Answer 7,Answer 6,,,Answer 7,Answer 5,Answer 8,
62,,,,,Answer 4,,Answer 4,,,Answer 2,,Answer 5,Answer 5,,,Answer 4,Answer 5,Answer 3,Answer 1,,,Answer 2,Answer 7,Answer 1,Answer 6,,Answer 4,,,Answer 4,,,Answer 4,Answer 6,,Answer 2,,Answer 7,,Answer 1,,,Answer 2,Answer 2,,Answer 2,,Answer 5,,,,Answer 4,Answer 1,Answer 7
63,Answer 8,Answer 5,Answer 8,Answer 8,Answer 3,Answer 3,,,,Answer 5,,Answer 1,Answer 5,,,Answer 8,,Answer 8,Answer 5,Answer 3,Answer 7,,Answer 1,Answer 2,Answer 3,,,,Answer 7,Answer 3,,,Answer 6,,Answer 3,Answer 2,Answer 3,Answer 2,Answer 4,,,,Answer 4,,Answer 3,Answer 4,,,Answer 8,Answer 7,Answer 1,,,Answer 2
64,Answer 2,Answer 5,Answer 3,,Answer 1,Answer 7,,Answer 6,Answer 4,Answer 3,Answer 2,,Answer 2,,Answer 1,Answer 1,,Answer 7,Answer 8,Answer 4,,Answer 1,Answer 4,,,,Answer 5,Answer 6,Answer 8,Answer 7,Answer 6,,,Answer 6,,Answer 7,Answer 4,Answer 3,Answer 7,Answer 6,Answer 7,Answer 4,,Answer 1,,Answer 3,,,Answer 8,Answer 8,,,Answer 2,Answer 5
65,Answer 7,,,Answer 1,Answer 8,,Answer 2,,Answer 7,Answer 7,Answer 2,,,,,Answer 6,,,Answer 8,Answer 6,,Answer 8,Answer 8,,Answer 3,Answer 1,,,Answer 8,Answer 7,,Answer 2,,,,,,Answer 4,,,Answer 1,,Answer 3,Answer 2,Answer 7,,,,Answer 5,Answer 3,Answer 8,,,
66,Answer 7,,Answer 2,,Answer 6,Answer 2,,Answer 1,Answer 1,Answer 8,Answer 8,,Answer 7,Answer 5,,,Answer 5,Answer 1,,,,,Answer 4,,Answer 1,,Answer 4,,,,Answer 5,,,,Answer 4,Answer 8,,,Answer 1,Answer 6,Answer 4,Answer 4,Answer 4,Answer 3,Answer 1,,Answer 2,,Answer 7,Answer 6,Answer 4,Answer 1,Answer 3,
67,,Answer 7,Answer 2,Answer 7,Answer 1,Answer 6,,,,,,Answer 7,,,Answer 1,,,Answer 4,Answer 6,Answer 6,Answer 2,Answer 1,Answer 8,,,,,Answer 6,,,,,Answer 6,,Answer 3,,Answer 8,Answer 8,Answer 3,,Answer 2,,,,Answer 2,Answer 7,,Answer 6,,Answer 3,Answer 5,Answer 5,Answer 1,
68,Answer 1,Answer 1,,Answer 5,Answer 3,Answer 1,Answer 5,,Answer 4,Answer 4,,Answer 5,,,,Answer 5,Answer 5,,Answer 2,,Answer 1,,Answer 5,,Answer 3,Answer 1,Answer 1,,,Answer 4,,Answer 4,,Answer 8,Answer 4,Answer 1,,,,,Answer 8,,,Answer 6,,Answer 6,,Answer 5,,Answer 6,Answer 1,,Answer 4,
69,,,Answer 4,,Answer 2,,Answer 7,Answer 5,Answer 8,Answer 5,Answer 1,,,,,,,,Answer 6,,Answer 5,Answer 6,,,,,Answer 6,,,Answer 2,Answer 1,Answer 8,Answer 2,Answer 7,Answer 7,Answer 1,Answer 3,Answer 8,,,,Answer 7,Answer 4,,Answer 5,Answer 6,,Answer 3,,,Answer 8,Answer 5,Answer 3,
70,Answer 3,,Answer 8,Answer 7,Answer 1,,Answer 7,Answer 3,Answer 1,Answer 1,Answer 5,,,Answer 8,,,,,Answer 7,Answer 6,,,,Answer 4,Answer 7,Answer 5,Answer 1,Answer 7,,Answer 5,,Answer 7,Answer 3,,,Answer 1,Answer 2,Answer 4,,,,,Answer 7,,Answer 3,Answer 5,,,Answer 5,Answer 8,,Answer 4,,Answer 5
71,Answer 4,Answer 8,Answer 6,,,,,,Answer 6,Answer 1,Answer 3,,,,Answer 3,Answer 2,Answer 6,,,Answer 4,Answer 2,Answer 6,,Answer 1,Answer 2,Answer 7,Answer 8,Answer 3,Answer 6,,Answer 3,,Answer 4,Answer 7,Answer 7,,Answer 6,,Answer 6,Answer 7,,,Answer 1,Answer 4,Answer 2,,,Answer 4,Answer 2,Answer 4,,,,
72,,,,,Answer 7,Answer 3,,Answer 7,Answer 3,Answer 7,,Answer 6,Answer 6,,,,,Answer 8,Answer 7,Answer 8,,,Answer 1,,,Answer 3,Answer 1,Answer 4,Answer 5,,Answer 6,,Answer 4,,,Answer 8,Answer 7,,,,,Answer 5,Answer 3,Answer 7,,,Answer 2,Answer 7,,Answer 4,Answer 8,,,Answer 3
73,Answer 8,Answer 5,,Answer 8,,,Answer 4,Answer 5,Answer 2,,Answer 1,Answer 3,Answer 6,Answer 1,,Answer 4,Answer 1,Answer 2,,Answer 1,Answer 6,Answer 1,,Answer 4,Answer 3,Answer 8,,Answer 3,Answer 3,,,Answer 1,,Answer 1,Answer 8,Answer 8,Answer 5,,,Answer 5,,Answer 7,,Answer 1,Answer 1,,Answer 5,,Answer 1,Answer 8,Answer 8,Answer 5,Answer 8,Answer 1
74,Answer 3,,Answer 6,Answer 1,,,,Answer 6,,,Answer 6,Answer 5,,Answer 1,,Answer 8,,,Answer 6,Answer 3,Answer 7,Answer 6,,Answer 8,,,,Answer 6,Answer 4,Answer 1,,Answer 5,Answer 5,,,Answer 6,Answer 3,Answer 4,,,,,,,Answer 5,,Answer 7,Answer 5,,Answer 8,Answer 2,,Answer 6,Answer 6
75,Answer 2,,Answer 4,Answer 5,Answer 6,,Answer 6,Answer 4,,Answer 2,Answer 3,,,Answer 7,Answer 1,Answer 6,,Answer 3,,Answer 3,Answer 6,Answer 4,,Answer 8,,,,Answer 1,Answer 4,Answer 6,,Answer 5,,,Answer 2,Answer 4,Answer 3,,,Answer 2,,Answer 4,Answer 1,,,,,,Answer 3,Answer 2,Answer 1,Answer 2,Answer 6,Answer 2
76,Answer 8,Answer 4,Answer 5,,Answer 4,Answer 6,Answer 8,,Answer 6,,,Answer 6,,,,Answer 1,Answer 8,,,Answer 7,Answer 5,,,,Answer 1,,Answer 6,Answer 5,Answer 2,,,,Answer 1,,,Answer 7,,Answer 5,Answer 4,Answer 7,Answer 7,Answer 3,,,Answer 1,Answer 7,,,,Answer 5,Answer 3,Answer 1,Answer 6,Answer 7
77,Answer 3,,,Answer 1,Answer 4,Answer 2,,Answer 6,Answer 5,Answer 2,,,,Answer 3,Answer 7,,,Answer 6,Answer 8,,Answer 7,Answer 8,,,,Answer 1,Answer 3,Answer 5,Answer 6,Answer 5,Answer 7,Answer 5,Answer 1,Answer 3,,,,Answer 6,,Answer 2,Answer 1,Answer 7,,Answer 1,Answer 8,,Answer 7,,Answer 1,Answer 2,,,Answer 3,Answer 7
78,Answer 8,,,Answer 5,Answer 7,Answer 6,Answer 1,Answer 2,Answer 4,,,Answer 3,Answer 8,Answer 2,,Answer 6,Answer 7,Answer 7,Answer 5,Answer 7,,,,Answer 2,,Answer 2,Answer 8,,Answer 5,Answer 2,,Answer 3,Answer 2,Answer 6,,Answer 6,Answer 2,Answer 2,Answer 2,,Answer 2,Answer 7,,,Answer 4,Answer 2,Answer 7,,,,Answer 2,Answer 3,,
79,,,,Answer 3,Answer 6,Answer 5,,,Answer 8,Answer 7,,,,Answer 7,Answer 7,Answer 6,,Answer 7,Answer 8,,Answer 1,,,Answer 6,Answer 5,,Answer 8,,,,Answer 6,,Answer 3,Answer 6,Answer 1,Answer 5,,,,Answer 7,,Answer 7,,Answer 2,,,,Answer 2,Answer 7,,,,,
80,Answer 6,Answer 3,,,,,,Answer 1,Answer 4,Answer 7,,,Answer 7,Answer 7,,Answer 3,Answer 3,,Answer 6,Answer 3,Answer 3,Answer 3,Answer 3,Answer 4,Answer 7,,,Answer 4,,,,Answer 8,,,,,Answer 6,Answer 7,Answer 3,Answer 1,Answer 3,,,Answer 3,Answer 8,Answer 5,,Answer 4,Answer 8,,Answer 4,Answer 8,Answer 4,Answer 7
81,Answer 4,,Answer 7,Answer 6,Answer 5,,,Answer 7,Answer 6,Answer 1,,Answer 5,,Answer 4,Answer 4,,,Answer 7,,Answer 3,,,Answer 7,Answer 3,Answer 8,,Answer 6,Answer 4,,,Answer 6,Answer 7,,Answer 5,,Answer 8,Answer 6,,,Answer 6,Answer 8,Answer 5,Answer 8,,Answer 4,Answer 5,,,,Answer 8,Answer 4,Answer 2,,
82,Answer 7,Answer 3,Answer 1,Answer 2,,Answer 5,Answer 3,Answer 5,,,,,Answer 6,,Answer 1,Answer 8,,Answer 5,,Answer 6,Answer 8,Answer 4,Answer 5,Answer 2,,,Answer 2,Answer 4,Answer 7,,Answer 2,Answer 5,Answer 8,Answer 7,Answer 7,Answer 2,,Answer 6,Answer 7,Answer 5,Answer 7,Answer 8,Answer 2,Answer 6,Answer 5,,,Answer 6,,Answer 3,,,,Answer 8
83,,,,,Answer 6,Answer 2,,,,Answer 6,,,Answer 7,Answer 4,Answer 8,,Answer 3,,,Answer 4,Answer 4,Answer 2,,,Answer 7,Answer 4,Answer 8,,,Answer 5,,Answer 7,Answer 4,Answer 5,Answer 6,,,Answer 6,,Answer 7,,Answer 3,Answer 7,,,Answer 7,,Answer 2,,Answer 8,Answer 2,Answer 3,,
84,Answer 3,Answer 6,Answer 1,Answer 5,,Answer 7,,Answer 5,,Answer 8,Answer 7,Answer 7,Answer 7,Answer 3,,Answer 2,,Answer 7,,,,,Answer 7,,Answer 7,Answer 8,,,Answer 6,Answer 3,Answer 3,,,,,Answer 1,,,,Answer 6,,Answer 5,,Answer 2,Answer 7,Answer 1,,,,Answer 6,,,Answer 7,Answer 7
85,Answer 6,Answer 8,Answer 3,Answer 5,Answer 4,,Answer 6,Answer 6,Answer 7,Answer 2,,Answer 7,,Answer 1,,,Answer 7,Answer 7,Answer 2,,,,Answer 2,Answer 4,Answer 3,,Answer 5,Answer 8,Answer 8,,,Answer 2,,Answer 1,Answer 4,,,,Answer 5,Answer 5,,Answer 2,Answer 7,Answer 8,,Answer 2,,,,Answer 6,Answer 6,Answer 8,Answer 3,
86,Answer 5,Answer 1,Answer 2,Answer 3,Answer 7,,Answer 7,,Answer 3,,Answer 6,,Answer 8,Answer 4,Answer 8,,Answer 4,,Answer 4,Answer 7,,Answer 5,Answer 3,,,,Answer 3,Answer 8,,,,,,,,Answer 2,Answer 8,,Answer 8,,Answer 1,Answer 8,Answer 1,Answer 6,,Answer 2,,,,,,Answer 3,,Answer 4
87,Answer 4,Answer 5,Answer 4,,,,Answer 4,Answer 4,Answer 8,,,,,,,Answer 4,Answer 1,,Answer 7,Answer 8,Answer 5,,,,,,Answer 1,Answer 1,,Answer 8,,,Answer 7,Answer 2,,,,Answer 3,Answer 8,,Answer 1,Answer 5,,,,Answer 2,,,Answer 3,,,Answer 7,Answer 6,Answer 2
88,Answer 2,Answer 6,Answer 8,Answer 2,,Answer 4,,Answer 8,,Answer 8,,Answer 1,,,,,,Answer 5,,,,,Answer 5,Answer 1,,,,,Answer 1,Answer 5,Answer 5,,Answer 7,Answer 4,,Answer 4,Answer 3,,Answer 1,Answer 6,,,,,,,Answer 8,Answer 2,Answer 5,Answer 6,Answer 5,Answer 4,,
89,Answer 3,Answer 7,,Answer 8,Answer 8,Answer 3,Answer 8,,,Answer 1,Answer 7,Answer 6,Answer 2,Answer 6,,,,Answer 5,,Answer 2,,Answer 5,Answer 3,,Answer 3,Answer 2,Answer 8,,Answer 4,Answer 5,,Answer 7,Answer 1,Answer 5,Answer 5,,,,,,Answer 4,,Answer 1,Answer 8,Answer 3,,,Answer 6,,,Answer 7,Answer 7,,
90,Answer 1,Answer 7,Answer 2,,,Answer 1,Answer 7,Answer 8,,,Answer 8,Answer 5,Answer 2,Answer 8,,Answer 6,Answer 5,,Answer 5,Answer 7,,,,,Answer 6,Answer 8,Answer 8,,Answer 6,Answer 8,,Answer 5,Answer 8,Answer 2,,Answer 4,,,Answer 5,Answer 8,Answer 7,Answer 8,Answer 5,Answer 5,,,,Answer 6,Answer 1,Answer 1,,Answer 6,Answer 1,
91,,Answer 7,,Answer 2,,,Answer 3,Answer 8,Answer 5,,,Answer 6,Answer 2,Answer 7,,Answer 4,Answer 6,,Answer 2,,,,,,,Answer 8,Answer 8,,,,,Answer 2,Answer 7,,Answer 6,Answer 4,Answer 5,Answer 4,Answer 3,Answer 8,Answer 6,,,,,Answer 2,,Answer 8,,Answer 1,Answer 6,Answer 5,Answer 8,
92,Answer 4,Answer 3,Answer 1,,Answer 8,Answer 4,,Answer 8,,Answer 5,Answer 8,,,Answer 7,,Answer 1,,Answer 1,,Answer 3,,,Answer 2,Answer 6,Answer 2,,Answer 8,Answer 3,Answer 6,Answer 7,Answer 4,Answer 5,Answer 6,,Answer 8,,Answer 8,Answer 3,,Answer 7,Answer 3,Answer 7,Answer 1,Answer 6,Answer 7,,,Answer 7,,,,Answer 5,Answer 5,
93,,Answer 8,,Answer 4,,Answer 1,Answer 4,Answer 8,Answer 1,,Answer 4,Answer 7,,Answer 5,,Answer 7,,,Answer 7,Answer 2,Answer 8,,Answer 2,Answer 5,,Answer 1,,,Answer 7,,Answer 7,Answer 5,Answer 4,Answer 6,Answer 7,Answer 6,Answer 8,Answer 3,Answer 2,Answer 1,Answer 7,,Answer 5,,Answer 8,Answer 4,Answer 8,Answer 2,Answer 8,,,Answer 4,Answer 6,Answer 7
94,,Answer 2,,Answer 4,,Answer 2,Answer 6,,,Answer 8,Answer 8,Answer 5,Answer 2,Answer 5,,,Answer 8,Answer 2,Answer 4,Answer 7,Answer 3,,,Answer 2,Answer 5,,,Answer 7,Answer 6,,,Answer 8,,,,,,Answer 3,,Answer 8,Answer 6,Answer 7,,Answer 1,Answer 7,Answer 4,,Answer 2,Answer 3,,,,,Answer 7
95,,,,Answer 5,,,,,,Answer 4,Answer 2,Answer 4,Answer 6,Answer 1,Answer 8,,,Answer 2,Answer 2,,Answer 7,Answer 7,Answer 3,,Answer 6,Answer 5,,,,Answer 3,Answer 8,Answer 3,,,Answer 2,Answer 8,Answer 6,Answer 7,Answer 2,Answer 3,,,,,,,Answer 8,Answer 2,Answer 3,,Answer 4,Answer 5,,Answer 5
96,Answer 4,,,,,,Answer 1,Answer 1,Answer 3,Answer 2,Answer 1,,Answer 2,Answer 6,Answer 2,,Answer 8,Answer 2,,,,Answer 3,,,,,Answer 2,Answer 4,Answer 4,Answer 5,Answer 2,Answer 5,Answer 8,,,Answer 6,Answer 5,Answer 5,,Answer 4,,,,Answer 5,,Answer 6,Answer 6,Answer 8,,,,Answer 2,,Answer 5
97,,,,Answer 5,Answer 8,Answer 5,,Answer 8,Answer 5,Answer 6,Answer 3,Answer 6,Answer 5,Answer 2,Answer 8,Answer 3,Answer 6,Answer 1,,Answer 1,Answer 8,,Answer 3,Answer 4,Answer 4,Answer 8,Answer 5,,,Answer 2,,,,Answer 2,Answer 1,,Answer 3,,Answer 6,Answer 5,,Answer 8,,,Answer 6,Answer 7,Answer 5,Answer 5,,,Answer 6,,Answer 8,Answer 4
98,Answer 5,Answer 4,,,Answer 5,Answer 7,,Answer 2,Answer 7,Answer 2,,,Answer 6,Answer 2,Answer 1,Answer 3,Answer 3,Answer 4,,Answer 6,,,Answer 7,,,Answer 5,,,,Answer 4,Answer 5,,Answer 2,,,,,Answer 2,Answer 8,Answer 5,,,Answer 4,Answer 6,Answer 5,,,Answer 2,,Answer 6,Answer 6,Answer 5,,
99,Answer 2,Answer 3,,,Answer 4,Answer 8,Answer 2,Answer 6,,,Answer 7,Answer 1,Answer 2,Answer 1,Answer 1,Answer 6,,Answer 2,Answer 6,Answer 8,Answer 5,Answer 1,Answer 5,Answer 7,,Answer 3,Answer 8,,,,,Answer 8,,,Answer 3,Answer 1,,Answer 5,Answer 7,Answer 7,Answer 4,Answer 3,,,Answer 4,Answer 4,Answer 1,,Answer 4,Answer 6,,Answer 8,Answer 2,Answer 5
100,Answer 8,,Answer 2,,,Answer 1,,,,Answer 8,,,,,Answer 2,,Answer 5,Answer 5,,Answer 3,,,Answer 1,,Answer 7,,Answer 7,,,,,,Answer 3,,Answer 5,Answer 3,,Answer 1,Answer 7,Answer 5,,,,Answer 5,Answer 3,Answer 7,,,Answer 4,Answer 2,,,Answer 6,
101,Answer 4,Answer 8,,Answer 6,Answer 2,Answer 5,Answer 5,,,Answer 5,,,Answer 5,Answer 4,,Answer 8,Answer 6,,,,,Answer 5,,Answer 8,,,,,Answer 8,Answer 8,Answer 5,Answer 8,,Answer 7,Answer 8,Answer 1,,Answer 4,Answer 2,Answer 2,,Answer 8,Answer 4,Answer 5,,Answer 8,,Answer 1,Answer 6,,Answer 1,Answer 5,Answer 3,Answer 8
102,,,Answer 4,Answer 5,Answer 6,,Answer 8,Answer 8,Answer 8,,Answer 2,,Answer 6,Answer 2,,,,Answer 8,,,,Answer 7,,,,Answer 8,,,Answer 8,,Answer 2,,Answer 2,,Answer 8,,,Answer 7,Answer 2,,Answer 7,,Answer 6,,Answer 2,,Answer 8,,,,,Answer 7,Answer 2,Answer 5
103,Answer 6,Answer 4,,Answer 5,,Answer 3,,Answer 3,Answer 6,Answer 1,Answer 4,,Answer 7,Answer 4,Answer 1,Answer 7,,Answer 5,,,,Answer 1,Answer 8,Answer 3,Answer 7,,,Answer 3,,,,Answer 7,Answer 7,,Answer 8,Answer 7,Answer 6,Answer 2,Answer 5,,,,Answer 7,,Answer 3,Answer 5,Answer 7,,,Answer 6,Answer 6,,Answer 1,Answer 6
104,Answer 6,Answer 4,,,Answer 3,,Answer 7,Answer 8,Answer 3,,,,,Answer 7,,,Answer 3,Answer 5,,,Answer 5,,,,,,Answer 4,Answer 1,Answer 1,,,,,,,Answer 8,,Answer 6,Answer 2,,Answer 8,Answer 2,Answer 6,,Answer 3,,,,Answer 5,Answer 6,,Answer 6,Answer 2,
105,Answer 4,,,,,Answer 2,Answer 1,Answer 3,Answer 2,Answer 1,,Answer 7,Answer 1,,,Answer 4,Answer 7,Answer 8,,Answer 4,,Answer 1,Answer 8,,Answer 2,,,Answer 2,,Answer 5,Answer 7,,,Answer 6,,Answer 3,,,Answer 7,Answer 1,Answer 7,Answer 2,,Answer 1,,Answer 2,,Answer 4,Answer 8,Answer 8,,Answer 6,,
106,,Answer 8,,,,Answer 6,Answer 7,,,Answer 6,,,,,Answer 1,Answer 7,Answer 7,,Answer 1,Answer 5,Answer 6,Answer 7,,Answer 2,,,Answer 7,Answer 1,Answer 8,Answer 8,,Answer 6,,,,Answer 8,,Answer 7,Answer 5,,Answer 8,Answer 6,Answer 5,,,Answer 2,,,Answer 7,Answer 3,,Answer 4,,
107,Answer 4,Answer 2,Answer 8,Answer 1,,,,Answer 6,Answer 1,,,,Answer 7,,,Answer 4,Answer 7,,,,Answer 7,,Answer 3,Answer 5,,Answer 2,,Answer 4,Answer 7,,,Answer 4,,Answer 2,Answer 3,,,Answer 6,,Answer 6,,,Answer 8,,,,Answer 4,Answer 4,,Answer 8,,,Answer 1,
108,Answer 3,,Answer 5,,,,,,Answer 8,Answer 8,,,Answer 6,,,,,,Answer 8,Answer 2,,Answer 3,Answer 4,Answer 4,Answer 5,Answer 6,Answer 6,,,Answer 8,Answer 1,Answer 5,,,,Answer 8,Answer 4,Answer 6,,Answer 1,,,Answer 4,Answer 2,,Answer 8,Answer 1,Answer 8,Answer 5,Answer 1,Answer 2,,,
109,,,Answer 7,Answer 6,,,,,Answer 5,,Answer 7,,Answer 7,Answer 3,,Answer 8,Answer 6,,,Answer 6,,,,Answer 5,,,,,Answer 1,,Answer 2,Answer 3,,,Answer 1,Answer 4,Answer 4,Answer 5,Answer 5,,Answer 2,Answer 5,,Answer 3,,Answer 5,Answer 8,Answer 5,,Answer 7,Answer 3,Answer 8,,Answer 2
110,Answer 3,Answer 6,Answer 4,Answer 4,,Answer 2,Answer 8,,,,,Answer 6,Answer 7,,Answer 5,,Answer 6,,Answer 1,Answer 3,Answer 3,Answer 1,,,Answer 4,Answer 8,Answer 4,Answer 6,,,Answer 7,,Answer 6,Answer 1,Answer 5,,,Answer 7,,Answer 2,,Answer 8,Answer 1,,Answer 3,Answer 7,,Answer 5,Answer 5,,Answer 1,Answer 5,,
111,Answer 8,,Answer 3,,Answer 4,,,,,,Answer 7,,Answer 5,,,Answer 4,,,Answer 1,,,,Answer 1,Answer 2,Answer 7,,,,Answer 7,,Answer 6,Answer 6,Answer 8,Answer 4,,Answer 2,,Answer 4,Answer 4,Answer 2,Answer 5,Answer 7,,Answer 5,Answer 1,Answer 4,,Answer 7,,,Answer 1,Answer 5,,Answer 6
112,Answer 4,Answer 1,,Answer 1,Answer 8,,,,Answer 7,Answer 1,,,,,Answer 7,Answer 1,Answer 8,,Answer 4,Answer 7,,Answer 4,Answer 8,,,,Answer 4,Answer 5,Answer 2,Answer 4,Answer 4,Answer 5,Answer 7,Answer 7,,,Answer 1,Answer 6,Answer 6,Answer 1,,,Answer 4,,Answer 4,Answer 7,,Answer 5,,Answer 5,,,Answer 8,Answer 5
113,,Answer 3,,,Answer 4,,Answer 3,,Answer 6,Answer 3,Answer 4,,Answer 8,,,Answer 8,Answer 1,,Answer 5,Answer 8,,Answer 1,,Answer 5,Answer 7,,Answer 6,Answer 5,Answer 6,,,,Answer 2,Answer 5,,,Answer 3,Answer 2,,Answer 4,Answer 8,Answer 2,,,,Answer 7,,Answer 1,Answer 6,,,Answer 5,,Answer 1
114,,Answer 8,Answer 3,,,Answer 6,Answer 7,Answer 6,Answer 3,,Answer 1,Answer 6,Answer 4,Answer 5,Answer 4,Answer 7,,,Answer 4,,,Answer 1,Answer 5,Answer 7,,,,Answer 6,,Answer 5,,Answer 1,Answer 6,,Answer 4,Answer 8,,,Answer 7,Answer 4,,,Answer 1,Answer 6,Answer 2,,Answer 4,Answer 4,,,Answer 5,,Answer 4,
115,Answer 7,Answer 1,Answer 7,,,Answer 6,,Answer 5,Answer 8,,Answer 8,,,Answer 6,Answer 7,,,Answer 8,,Answer 8,Answer 6,Answer 8,,Answer 7,Answer 4,,Answer 5,Answer 1,,,,Answer 7,Answer 3,,,Answer 3,Answer 4,,,Answer 1,Answer 8,Answer 8,,,Answer 2,,,,,Answer 1,,,Answer 2,Answer 6
116,Answer 8,Answer 5,,Answer 7,,,Answer 2,,Answer 1,Answer 4,,Answer 7,Answer 2,,,Answer 2,Answer 7,,,,,,Answer 1,Answer 7,,,,,,Answer 2,Answer 2,,,Answer 5,Answer 4,,Answer 6,Answer 1,,,,Answer 7,,Answer 6,,Answer 7,Answer 2,Answer 1,,Answer 6,,,Answer 3,Answer 1
117,Answer 5,Answer 7,Answer 7,Answer 8,Answer 3,Answer 8,Answer 4,Answer 8,Answer 5,,,,,,Answer 3,Answer 5,Answer 3,Answer 4,,,Answer 5,Answer 8,Answer 2,,Answer 6,Answer 5,,,Answer 4,,Answer 2,Answer 3,Answer 7,Answer 3,Answer 2,Answer 8,Answer 2,,,,Answer 8,Answer 6,,Answer 3,Answer 2,,Answer 1,,,Answer 3,Answer 3,Answer 5,,Answer 8
118,Answer 8,,Answer 6,Answer 3,Answer 4,,Answer 8,,Answer 5,Answer 7,,,Answer 5,,Answer 8,Answer 7,,Answer 7,Answer 2,Answer 1,Answer 1,,,,Answer 2,Answer 6,,,Answer 2,Answer 2,,,Answer 8,Answer 6,,,,,,,,,,Answer 6,,,Answer 5,Answer 4,,,,Answer 2,Answer 5,
119,,Answer 2,Answer 2,Answer 5,Answer 2,,,,,,,,,Answer 5,Answer 7,Answer 2,,Answer 2,,Answer 4,Answer 4,,Answer 6,,,Answer 4,Answer 4,Answer 5,,,,,Answer 7,Answer 1,,Answer 2,Answer 1,Answer 2,Answer 4,Answer 6,Answer 4,Answer 3,Answer 2,Answer 2,,,Answer 3,,,Answer 3,Answer 6,,,Answer 7
120,Answer 7,,Answer 5,Answer 4,Answer 2,Answer 4,Answer 6,,,,,,Answer 2,Answer 8,,Answer 4,,,,Answer 7,Answer 5,,,,Answer 5,,Answer 1,,Answer 2,,,Answer 1,Answer 7,Answer 7,,,Answer 8,,Answer 7,Answer 3,Answer 2,,Answer 5,Answer 8,Answer 2,Answer 4,,,Answer 4,,,,Answer 1,
121,,,,,Answer 3,Answer 7,Answer 6,Answer 4,Answer 8,,Answer 6,Answer 8,Answer 3,,Answer 1,,Answer 2,Answer 8,,Answer 7,Answer 2,,,Answer 8,,Answer 2,Answer 1,Answer 2,,Answer 3,Answer 3,,,Answer 7,,,Answer 1,,,,,,Answer 2,,Answer 4,Answer 8,Answer 4,Answer 7,,Answer 4,Answer 4,Answer 6,Answer 7,Answer 5
122,,Answer 1,Answer 3,Answer 6,Answer 2,Answer 8,Answer 7,Answer 7,,,,,Answer 4,,Answer 1,,,,,Answer 4,Answer 5,Answer 1,Answer 6,,Answer 8,Answer 3,,Answer 3,,Answer 7,Answer 7,,,Answer 7,Answer 6,Answer 8,Answer 5,Answer 2,,Answer 3,,Answer 3,Answer 6,Answer 2,Answer 3,Answer 5,Answer 2,,Answer 3,Answer 3,Answer 7,Answer 6,Answer 5,Answer 8
123,Answer 1,Answer 8,Answer 6,,,Answer 1,Answer 1,Answer 4,Answer 6,,Answer 2,Answer 7,Answer 1,Answer 1,Answer 4,,Answer 3,Answer 3,Answer 1,Answer 2,,Answer 5,,Answer 4,Answer 7,,,,Answer 1,,Answer 7,Answer 5,,,,,,,Answer 3,,Answer 6,Answer 2,,Answer 4,Answer 2,,,Answer 2,Answer 7,Answer 6,,Answer 6,,
124,Answer 7,Answer 2,,Answer 5,,,Answer 4,Answer 5,Answer 8,,,Answer 6,,,,Answer 4,Answer 7,Answer 8,Answer 2,,Answer 2,,,Answer 8,Answer 6,Answer 3,Answer 8,Answer 2,Answer 6,,,Answer 3,,Answer 3,Answer 6,,,Answer 3,,,Answer 2,Answer 6,Answer 5,,,Answer 2,,Answer 8,Answer 1,Answer 1,Answer 7,,Answer 4,Answer 5
125,Answer 4,Answer 8,Answer 7,Answer 6,Answer 7,Answer 8,Answer 5,,Answer 2,,Answer 6,,,Answer 1,,,Answer 7,,Answer 6,Answer 5,Answer 4,Answer 7,Answer 2,Answer 5,,,,,,Answer 1,,,,,,,,Answer 6,,Answer 8,Answer 8,Answer 4,Answer 2,Answer 7,Answer 3,Answer 5,Answer 4,Answer 5,Answer 5,Answer 7,,,Answer 7,
126,Answer 8,Answer 1,,Answer 4,Answer 3,Answer 4,Answer 4,Answer 7,Answer 4,Answer 6,Answer 2,,Answer 6,,Answer 3,Answer 6,,,,Answer 8,,,Answer 4,Answer 5,Answer 1,,Answer 2,,,Answer 8,Answer 1,,,,Answer 5,,,Answer 4,,,Answer 4,Answer 7,,,Answer 2,Answer 4,Answer 3,,Answer 4,,Answer 4,Answer 8,Answer 2,Answer 8
127,,,Answer 6,Answer 4,,,Answer 5,,,Answer 3,,Answer 8,,Answer 7,,,Answer 2,,Answer 3,,Answer 1,,,Answer 4,Answer 4,Answer 6,Answer 5,Answer 2,,,,Answer 2,,,,Answer 5,Answer 2,Answer 7,,,Answer 2,,,Answer 2,Answer 5,,,,Answer 6,,,,,
128,,,Answer 7,,Answer 4,Answer 3,Answer 7,,Answer 6,Answer 1,Answer 7,Answer 1,Answer 4,Answer 7,,Answer 5,,Answer 5,,,,,,,,,Answer 5,Answer 6,Answer 8,Answer 2,Answer 1,Answer 6,Answer 4,Answer 8,,,Answer 5,,,,Answer 5,Answer 4,Answer 5,Answer 4,,Answer 8,,,,Answer 8,Answer 7,,,Answer 4
129,Answer 8,Answer 1,,,Answer 5,Answer 1,,Answer 7,,Answer 4,Answer 7,Answer 4,,Answer 4,Answer 5,Answer 5,,,,,Answer 6,Answer 7,,Answer 7,Answer 2,,Answer 4,,Answer 6,Answer 1,Answer 7,Answer 4,Answer 2,Answer 6,,,Answer 5,Answer 4,Answer 5,,,,Answer 5,,Answer 1,Answer 3,Answer 6,Answer 8,,Answer 5,,Answer 3,,Answer 6
130,Answer 6,Answer 3,Answer 1,,Answer 4,Answer 2,Answer 6,Answer 1,Answer 6,,,,,,,Answer 6,Answer 4,Answer 2,Answer 3,Answer 1,Answer 1,Answer 6,,Answer 3,Answer 1,Answer 1,,,Answer 8,,Answer 3,Answer 2,,,Answer 6,Answer 6,,,Answer 7,,Answer 1,Answer 4,Answer 5,Answer 5,Answer 5,Answer 7,Answer 7,,Answer 4,,Answer 3,,,Answer 3
131,Answer 7,,Answer 6,Answer 1,Answer 4,,Answer 2,Answer 4,,Answer 4,Answer 7,Answer 8,Answer 3,,Answer 8,,,,,,Answer 8,Answer 7,,,Answer 2,Answer 4,Answer 5,Answer 4,Answer 4,,Answer 1,,Answer 1,Answer 1,Answer 6,Answer 3,Answer 6,,,,,,,Answer 5,Answer 7,Answer 5,Answer 8,Answer 1,Answer 3,Answer 3,Answer 5,Answer 1,,
132,Answer 4,Answer 1,Answer 6,Answer 4,,Answer 5,Answer 7,,Answer 3,Answer 3,Answer 2,Answer 6,,,Answer 5,Answer 4,Answer 1,,Answer 8,Answer 1,,,,Answer 8,,,,Answer 1,Answer 1,Answer 4,,,,Answer 3,Answer 2,Answer 1,Answer 8,,Answer 2,Answer 8,,Answer 4,Answer 7,,Answer 3,,Answer 8,Answer 4,,Answer 7,Answer 6,Answer 8,Answer 4,
133,,Answer 1,Answer 8,,Answer 3,,,Answer 4,,Answer 8,,Answer 7,,,,Answer 6,,Answer 1,Answer 5,Answer 8,Answer 7,Answer 2,,,Answer 2,Answer 1,Answer 7,Answer 2,Answer 5,,,Answer 6,Answer 8,Answer 7,Answer 2,Answer 4,,Answer 5,,,Answer 2,Answer 6,,,,,Answer 5,Answer 5,Answer 7,,,,Answer 6,Answer 1
134,,Answer 4,Answer 2,Answer 5,,Answer 2,,Answer 4,Answer 2,Answer 2,Answer 4,,Answer 5,Answer 8,,Answer 6,Answer 7,Answer 3,,,,Answer 3,Answer 4,,Answer 4,Answer 6,Answer 5,Answer 6,Answer 3,Answer 6,,,Answer 2,,,Answer 3,,Answer 6,Answer 2,,,Answer 2,Answer 8,,Answer 2,,,,,,Answer 1,Answer 5,,
135,Answer 4,Answer 4,Answer 1,Answer 7,,Answer 1,,Answer 8,,,Answer 6,Answer 5,,,,,,,,Answer 5,Answer 1,Answer 5,,,,Answer 6,Answer 5,,Answer 6,,,Answer 4,Answer 2,Answer 7,Answer 5,Answer 6,Answer 4,,Answer 8,,Answer 4,,Answer 2,,Answer 8,,,,,,Answer 6,Answer 5,Answer 4,
136,,Answer 6,Answer 4,Answer 1,Answer 8,,Answer 5,,,Answer 3,,,Answer 8,,,Answer 2,Answer 5,,Answer 4,Answer 3,Answer 6,Answer 6,Answer 4,Answer 3,,Answer 3,Answer 3,,,,Answer 2,,Answer 4,Answer 8,Answer 7,,Answer 6,Answer 6,,Answer 5,Answer 2,,,Answer 8,,Answer 7,Answer 4,Answer 5,Answer 1,Answer 5,,,,
137,Answer 5,,Answer 3,,Answer 8,Answer 1,,Answer 2,,Answer 6,Answer 3,Answer 1,Answer 3,,Answer 2,Answer 1,Answer 8,Answer 7,Answer 1,,,,Answer 8,,,,,Answer 2,Answer 7,Answer 5,,,Answer 8,Answer 1,Answer 8,Answer 7,,Answer 2,Answer 1,Answer 6,,,Answer 6,Answer 7,Answer 2,,,Answer 8,Answer 8,Answer 3,Answer 1,Answer 3,,
138,,,Answer 5,,,,Answer 5,Answer 8,Answer 3,Answer 8,Answer 3,Answer 6,Answer 1,Answer 3,Answer 2,Answer 1,Answer 1,,,Answer 2,Answer 5,Answer 2,,Answer 5,Answer 7,,,Answer 7,Answer 1,Answer 7,,,,,Answer 7,Answer 3,Answer 1,,,Answer 8,,,,,,,Answer 7,Answer 5,Answer 7,,Answer 8,Answer 6,Answer 1,Answer 2
139,Answer 1,Answer 4,Answer 4,Answer 8,Answer 5,,Answer 6,Answer 1,,,,,Answer 8,,Answer 5,,Answer 3,,Answer 6,Answer 2,Answer 2,Answer 1,,Answer 3,Answer 4,,,Answer 8,,,Answer 1,,,Answer 1,,,,Answer 6,Answer 3,Answer 7,,,Answer 2,Answer 5,,Answer 7,Answer 3,,Answer 7,Answer 3,Answer 8,Answer 8,,
140,,Answer 3,,,Answer 3,Answer 3,Answer 7,Answer 2,Answer 5,,,,,,,,Answer 5,Answer 2,,Answer 3,,,,,Answer 6,Answer 8,,,Answer 5,,,Answer 7,,,,Answer 5,Answer 2,Answer 3,Answer 7,Answer 1,Answer 6,,,Answer 8,,Answer 6,Answer 2,,Answer 1,Answer 1,Answer 6,,Answer 5,Answer 4
141,,,Answer 5,Answer 7,Answer 6,Answer 7,Answer 3,,Answer 5,Answer 3,Answer 2,Answer 8,Answer 8,,Answer 6,Answer 2,Answer 8,,Answer 6,,Answer 7,Answer 6,Answer 8,Answer 4,,Answer 8,Answer 6,Answer 6,,,,Answer 5,Answer 8,Answer 2,,,Answer 7,,Answer 7,Answer 5,Answer 1,Answer 8,,,,Answer 8,Answer 6,Answer 2,Answer 1,Answer 3,Answer 5,Answer 2,Answer 7,Answer 4
142,,,Answer 7,,,,Answer 2,Answer 3,,,Answer 5,Answer 5,,Answer 5,,,Answer 3,Answer 5,Answer 5,Answer 4,,,Answer 8,,,,Answer 6,,Answer 6,,,Answer 3,Answer 8,,Answer 1,Answer 8,Answer 8,Answer 6,,,Answer 2,,,Answer 5,Answer 8,,Answer 1,Answer 4,Answer 5,Answer 3,,Answer 2,Answer 8,Answer 4
143,,Answer 3,Answer 6,,Answer 7,Answer 6,Answer 3,Answer 6,Answer 1,,Answer 4,,Answer 7,,Answer 5,,Answer 2,Answer 1,,,,Answer 8,Answer 8,Answer 4,Answer 7,Answer 4,,,,,,Answer 2,Answer 5,Answer 5,Answer 5,,Answer 5,Answer 3,Answer 3,Answer 1,Answer 6,,Answer 1,Answer 6,Answer 2,Answer 8,,Answer 1,,,Answer 1,,Answer 8,
144,,Answer 4,Answer 2,Answer 1,,,Answer 7,Answer 3,,,,Answer 2,Answer 6,Answer 1,,Answer 3,Answer 8,,Answer 5,Answer 5,Answer 4,Answer 5,,,Answer 3,Answer 8,Answer 8,,Answer 8,Answer 7,,,,Answer 5,,,Answer 1,Answer 6,,,Answer 2,Answer 6,Answer 4,,,Answer 3,,Answer 6,,,Answer 5,,Answer 8,
145,Answer 8,Answer 4,Answer 6,Answer 6,,,,,Answer 5,Answer 5,Answer 5,,Answer 3,,Answer 7,Answer 2,Answer 3,Answer 1,,,Answer 3,Answer 5,,Answer 8,Answer 5,Answer 2,Answer 5,,Answer 4,,Answer 2,,,,Answer 4,Answer 4,,,Answer 8,Answer 7,Answer 7,Answer 6,,,Answer 6,Answer 3,Answer 7,Answer 6,,Answer 4,,Answer 1,,Answer 3
146,Answer 3,,,Answer 5,Answer 6,Answer 5,Answer 8,Answer 5,,Answer 2,Answer 4,Answer 5,Answer 8,Answer 5,,,Answer 3,Answer 8,,Answer 5,Answer 7,,,Answer 4,Answer 8,,Answer 6,Answer 5,,Answer 6,,Answer 3,Answer 3,Answer 8,Answer 5,Answer 8,Answer 4,,,Answer 6,Answer 1,,,Answer 4,Answer 2,Answer 1,Answer 4,Answer 6,Answer 1,,Answer 3,,Answer 5,Answer 7
147,Answer 3,,,,Answer 5,Answer 8,Answer 3,Answer 7,Answer 2,,,Answer 4,Answer 6,Answer 3,Answer 4,Answer 4,Answer 5,Answer 7,Answer 8,,,,,,Answer 8,Answer 3,Answer 1,,Answer 1,Answer 2,Answer 1,Answer 6,Answer 4,,Answer 2,Answer 7,,,,,Answer 6,,,Answer 3,,Answer 6,,,,Answer 6,Answer 5,Answer 1,,Answer 7
148,Answer 1,Answer 5,Answer 8,,Answer 5,,,,Answer 7,Answer 3,Answer 6,Answer 7,,,Answer 4,,Answer 3,Answer 6,Answer 4,,Answer 2,Answer 6,Answer 4,,Answer 8,,Answer 1,Answer 1,,,,,Answer 3,,,,,Answer 7,,Answer 7,,Answer 2,Answer 1,Answer 2,,Answer 6,Answer 6,Answer 7,,Answer 3,,Answer 6,Answer 8,Answer 6
149,,Answer 3,Answer 5,,Answer 3,,Answer 1,,,,Answer 8,Answer 7,,Answer 6,Answer 2,Answer 3,Answer 3,Answer 2,Answer 1,,Answer 3,Answer 1,Answer 5,,,,,,,Answer 8,,Answer 6,Answer 6,Answer 4,Answer 4,Answer 1,Answer 4,,,Answer 3,,,,,Answer 3,,Answer 6,,Answer 1,Answer 4,,Answer 4,Answer 2,
150,Answer 4,Answer 1,,Answer 3,Answer 7,Answer 4,Answer 4,Answer 1,Answer 2,Answer 3,Answer 5,Answer 8,Answer 2,,Answer 2,,Answer 7,Answer 5,,Answer 3,,Answer 2,,,,,Answer 3,,Answer 2,Answer 6,Answer 3,,Answer 2,,,Answer 1,,,Answer 2,,Answer 4,Answer 5,,Answer 6,Answer 4,,,Answer 4,,Answer 2,Answer 6,,,Answer 6
151,,Answer 2,,,,Answer 7,,,Answer 2,,Answer 3,Answer 7,Answer 5,,Answer 8,Answer 1,Answer 3,Answer 6,Answer 8,Answer 7,,Answer 7,,,,Answer 3,Answer 8,,,,Answer 4,Answer 4,Answer 1,,Answer 3,Answer 5,Answer 6,,Answer 5,Answer 1,Answer 3,Answer 2,Answer 4,Answer 5,Answer 5,,Answer 1,Answer 3,Answer 2,,Answer 8,Answer 5,,
152,Answer 3,Answer 8,Answer 6,Answer 1,,Answer 3,Answer 3,Answer 2,,,Answer 1,Answer 8,Answer 2,Answer 6,Answer 4,,Answer 6,Answer 8,Answer 3,,Answer 1,,Answer 3,Answer 6,Answer 1,Answer 4,Answer 6,Answer 6,Answer 5,Answer 7,Answer 1,Answer 5,Answer 4,,,Answer 5,Answer 5,Answer 3,,Answer 3,Answer 6,,Answer 2,,Answer 6,Answer 5,Answer 3,,,Answer 8,,Answer 7,Answer 7,Answer 2
153,Answer 7,,Answer 3,,Answer 2,,Answer 7,Answer 5,,,,Answer 2,Answer 8,Answer 8,,Answer 4,,Answer 5,,,Answer 2,,Answer 4,Answer 3,Answer 5,Answer 3,Answer 1,Answer 2,,Answer 7,Answer 1,,Answer 7,,,Answer 2,Answer 7,Answer 2,Answer 1,,,,Answer 1,,,,Answer 6,Answer 7,Answer 2,Answer 5,,Answer 7,Answer 6,Answer 8
154,Answer 6,Answer 4,Answer 2,,Answer 8,,,,,Answer 5,Answer 7,,Answer 8,Answer 3,,,Answer 2,Answer 4,,Answer 1,Answer 2,Answer 5,,,Answer 6,,,,,,Answer 3,Answer 1,,Answer 5,,,Answer 1,,,,Answer 5,,,Answer 7,Answer 6,Answer 2,,,,Answer 6,Answer 5,,,Answer 1
155,Answer 4,Answer 7,,Answer 3,,Answer 7,Answer 4,Answer 1,Answer 3,,,,,,,,,Answer 7,Answer 6,,Answer 2,,,,Answer 3,,,Answer 7,Answer 4,Answer 5,,,Answer 4,,Answer 8,,Answer 4,Answer 3,Answer 8,Answer 5,Answer 3,Answer 3,Answer 6,Answer 5,,Answer 1,Answer 3,,,Answer 2,Answer 6,,,
156,,,,Answer 7,Answer 4,Answer 7,Answer 5,Answer 8,,Answer 2,,Answer 6,Answer 2,,,Answer 3,Answer 4,,Answer 5,Answer 2,,Answer 7,,Answer 6,,,,Answer 7,,Answer 2,Answer 6,Answer 6,,Answer 2,,,,,Answer 5,Answer 7,Answer 2,,Answer 1,,Answer 2,Answer 2,Answer 7,Answer 6,Answer 3,,Answer 4,,,
157,Answer 7,,,,Answer 7,Answer 5,Answer 3,,,Answer 6,,Answer 8,Answer 4,,,Answer 2,Answer 7,Answer 8,,,Answer 4,,,,,Answer 8,Answer 2,,,Answer 4,,Answer 3,Answer 1,,Answer 7,,Answer 3,,,,,Answer 4,Answer 7,,,Answer 1,,,,Answer 2,Answer 2,Answer 7,Answer 4,
158,,,,Answer 3,Answer 7,Answer 4,,Answer 1,,Answer 3,Answer 3,,Answer 7,Answer 3,,Answer 4,Answer 3,,,Answer 4,,,Answer 5,,,,,,,,Answer 3,Answer 8,,,,,Answer 3,,Answer 1,,Answer 6,,Answer 3,,Answer 6,Answer 7,Answer 2,Answer 4,,Answer 4,Answer 7,,Answer 1,
159,Answer 5,,,,Answer 7,Answer 7,Answer 6,,,,,Answer 7,,Answer 1,,Answer 3,,,Answer 1,,,Answer 8,Answer 6,Answer 2,Answer 8,Answer 4,Answer 7,Answer 7,,,Answer 8,Answer 4,,Answer 1,Answer 6,,Answer 8,,Answer 1,,,,,,Answer 6,,,Answer 4,,Answer 5,,Answer 3,Answer 1,
160,Answer 2,,Answer 5,,Answer 4,Answer 5,Answer 1,Answer 7,Answer 3,Answer 2,,,Answer 4,Answer 6,,,,Answer 8,Answer 6,Answer 6,Answer 3,Answer 6,Answer 8,Answer 8,Answer 4,,Answer 8,Answer 1,Answer 8,,,Answer 8,Answer 4,,Answer 1,Answer 8,Answer 6,,Answer 6,,,Answer 4,Answer 6,Answer 5,Answer 5,,Answer 2,,,Answer 7,Answer 1,,Answer 6,
161,Answer 5,Answer 7,Answer 7,,,Answer 2,,Answer 8,,Answer 8,,,,,,Answer 7,Answer 8,,Answer 6,,Answer 2,,,Answer 4,,Answer 3,,,,,,Answer 4,,Answer 4,Answer 5,,Answer 8,Answer 3,,,,,,Answer 4,,,,Answer 1,Answer 2,Answer 2,Answer 6,Answer 6,Answer 3,Answer 4
162,,Answer 3,Answer 8,Answer 4,Answer 4,,Answer 2,,Answer 8,,,Answer 6,Answer 7,Answer 5,Answer 1,Answer 4,,,,Answer 4,Answer 6,Answer 8,Answer 3,Answer 2,,Answer 4,Answer 1,Answer 5,,Answer 8,Answer 8,,Answer 2,,Answer 1,,,Answer 8,,,Answer 8,,,,Answer 7,Answer 7,,,,,Answer 3,,Answer 4,
163,,Answer 3,Answer 7,Answer 2,,Answer 7,,Answer 1,,Answer 6,,Answer 2,,,Answer 4,Answer 4,,,,,,Answer 1,Answer 1,Answer 2,,,,,Answer 5,,Answer 6,,Answer 8,,Answer 6,,,Answer 2,,,,Answer 4,,,,,Answer 7,,Answer 2,Answer 6,Answer 5,,Answer 7,Answer 6
164,,Answer 4,,Answer 6,,Answer 4,Answer 8,Answer 3,Answer 6,,Answer 4,Answer 8,Answer 3,,Answer 3,,,Answer 7,,Answer 3,Answer 8,,,,Answer 2,,,,Answer 6,,,Answer 2,,Answer 5,Answer 6,Answer 2,,Answer 1,Answer 4,,Answer 2,Answer 7,Answer 7,Answer 4,Answer 5,,Answer 8,,Answer 5,Answer 8,,Answer 7,Answer 3,
165,Answer 6,,Answer 8,,,,Answer 8,Answer 6,Answer 3,Answer 5,Answer 8,,Answer 1,Answer 1,Answer 7,,,Answer 6,Answer 1,,Answer 1,,,,Answer 1,Answer 6,,,Answer 3,,,,,,Answer 4,Answer 2,,Answer 2,,Answer 2,Answer 5,,Answer 8,Answer 2,Answer 3,,Answer 4,,Answer 8,Answer 2,Answer 7,,Answer 1,
166,Answer 6,Answer 6,Answer 8,,,Answer 6,,Answer 6,,Answer 8,,Answer 4,Answer 5,Answer 3,,Answer 6,,,,,Answer 8,,,Answer 4,,,,Answer 2,,Answer 6,,Answer 4,Answer 2,Answer 6,,,,,,Answer 6,Answer 8,,Answer 3,Answer 1,,Answer 3,,Answer 6,Answer 4,,Answer 5,,,Answer 2
167,Answer 5,,,Answer 8,,Answer 3,,Answer 4,,Answer 6,,Answer 1,,,,Answer 6,Answer 2,Answer 7,,,Answer 2,Answer 7,,Answer 5,,,Answer 5,Answer 1,,Answer 3,Answer 6,,,Answer 2,,,,Answer 5,,Answer 6,Answer 4,Answer 3,Answer 8,,,Answer 5,,Answer 4,Answer 1,,,Answer 6,Answer 1,Answer 4
168,Answer 4,,Answer 1,,,,,Answer 2,,Answer 3,,,Answer 6,,,,,Answer 8,Answer 2,Answer 4,,Answer 4,Answer 5,,Answer 1,Answer 5,,,,,Answer 1,Answer 7,,Answer 3,,,Answer 7,Answer 8,,,,,Answer 4,Answer 3,,Answer 4,Answer 4,Answer 5,Answer 6,,Answer 5,Answer 1,,
169,,,Answer 4,,,Answer 6,Answer 8,Answer 7,Answer 2,,,Answer 8,,Answer 4,,Answer 2,,Answer 5,,,,Answer 3,Answer 5,,Answer 4,,,,,,,,Answer 5,Answer 7,Answer 7,,Answer 5,,Answer 4,Answer 3,Answer 8,Answer 4,Answer 7,Answer 1,Answer 7,Answer 3,,,,,,,,
170,,,,,,Answer 2,Answer 4,Answer 5,Answer 5,Answer 6,Answer 2,,Answer 8,Answer 3,Answer 7,Answer 6,,Answer 6,Answer 2,,Answer 3,Answer 8,,Answer 5,,,Answer 3,Answer 7,Answer 4,Answer 8,,,,Answer 6,Answer 3,,Answer 3,,,Answer 1,,Answer 5,,,Answer 8,Answer 2,,Answer 1,,Answer 5,Answer 2,,Answer 3,
171,,Answer 6,Answer 8,,Answer 5,Answer 6,Answer 4,Answer 5,,,Answer 2,,Answer 5,,,Answer 4,Answer 3,,Answer 4,,,Answer 5,Answer 6,,Answer 1,,,Answer 7,Answer 5,,Answer 3,Answer 1,Answer 6,Answer 7,,,Answer 3,Answer 3,Answer 1,Answer 1,Answer 2,Answer 4,Answer 8,Answer 1,,Answer 2,Answer 1,Answer 4,Answer 5,Answer 8,,,Answer 8,Answer 7
172,Answer 4,Answer 5,Answer 6,Answer 4,Answer 8,Answer 1,Answer 7,Answer 3,,Answer 4,Answer 3,,,Answer 2,Answer 2,,Answer 5,Answer 2,,,,Answer 4,Answer 7,,,Answer 8,Answer 2,Answer 6,Answer 1,Answer 2,,Answer 3,Answer 5,,,,Answer 5,,,,Answer 8,,Answer 3,Answer 4,,Answer 3,Answer 3,,,Answer 5,,Answer 1,,Answer 7
173,Answer 7,,,,,,Answer 7,Answer 8,Answer 4,Answer 7,Answer 6,Answer 1,,Answer 8,,Answer 4,Answer 4,,Answer 2,,Answer 7,Answer 7,Answer 8,Answer 2,Answer 3,,Answer 4,,Answer 8,Answer 1,,Answer 2,Answer 5,Answer 7,,,,Answer 3,,,,,Answer 7,,Answer 2,Answer 1,,,Answer 1,,Answer 2,,Answer 8,Answer 4
174,,Answer 7,,,,Answer 7,Answer 7,Answer 3,Answer 8,,,,Answer 4,,Answer 2,Answer 3,Answer 4,,Answer 5,,Answer 1,Answer 4,,,,Answer 1,Answer 8,Answer 2,,Answer 5,,,Answer 5,,Answer 5,,Answer 8,Answer 4,,,Answer 7,,Answer 3,,Answer 1,Answer 6,,,,Answer 3,Answer 3,,Answer 4,
175,Answer 4,Answer 5,Answer 5,Answer 5,,Answer 7,,Answer 7,Answer 8,Answer 3,Answer 7,,Answer 8,Answer 3,Answer 5,Answer 7,Answer 6,Answer 2,,Answer 7,,,,Answer 6,Answer 7,,Answer 8,,Answer 7,,,Answer 4,Answer 5,Answer 3,Answer 6,,,Answer 1,,Answer 6,,Answer 8,Answer 2,Answer 6,Answer 8,,,Answer 6,Answer 7,Answer 6,,,,
176,Answer 1,,Answer 7,Answer 5,,,Answer 3,Answer 4,,Answer 8,,Answer 1,,,,,,Answer 2,,Answer 2,,,,Answer 1,Answer 4,Answer 4,,Answer 8,,,Answer 1,Answer 5,,Answer 8,Answer 7,,Answer 7,Answer 1,,Answer 1,Answer 5,Answer 1,,Answer 6,,Answer 4,Answer 2,,Answer 5,Answer 2,Answer 7,,Answer 5,Answer 3
177,Answer 4,Answer 7,,,Answer 4,Answer 8,Answer 6,Answer 1,Answer 8,Answer 4,,,Answer 2,Answer 1,,Answer 4,Answer 2,Answer 6,Answer 3,Answer 7,Answer 2,Answer 7,,Answer 1,Answer 5,,Answer 3,Answer 3,Answer 8,Answer 1,Answer 1,,Answer 2,,Answer 2,Answer 6,,Answer 5,,,Answer 5,Answer 1,,,Answer 8,Answer 1,Answer 2,Answer 3,,,,,Answer 7,
178,Answer 7,Answer 4,Answer 3,Answer 4,,,,Answer 3,Answer 3,,,Answer 2,Answer 3,,,Answer 1,Answer 6,Answer 3,,,Answer 1,,Answer 4,Answer 5,Answer 5,,Answer 6,Answer 6,Answer 4,Answer 7,,Answer 5,,,,Answer 7,,,Answer 5,,,Answer 2,Answer 8,Answer 1,Answer 5,Answer 6,Answer 8,Answer 5,,Answer 4,,,Answer 2,
179,,,Answer 7,,Answer 6,,Answer 1,Answer 8,,Answer 6,Answer 2,,,,Answer 1,,,Answer 8,,,Answer 4,,,Answer 5,Answer 2,,Answer 3,,Answer 4,Answer 8,Answer 5,,,Answer 5,Answer 2,,,,Answer 8,Answer 2,,,,Answer 8,Answer 7,Answer 3,Answer 1,,Answer 7,Answer 8,,Answer 4,,Answer 5
180,,,Answer 7,Answer 1,,,Answer 2,Answer 6,,Answer 3,Answer 8,Answer 8,Answer 6,,,Answer 4,,Answer 7,Answer 1,,Answer 5,Answer 8,,Answer 8,Answer 2,Answer 6,Answer 4,Answer 2,Answer 6,,Answer 2,Answer 4,Answer 5,,Answer 7,Answer 1,Answer 2,Answer 3,Answer 7,Answer 1,,,Answer 8,Answer 2,,Answer 8,Answer 6,,Answer 4,,,,Answer 6,
181,Answer 5,Answer 5,,Answer 5,Answer 2,,Answer 7,Answer 6,Answer 6,Answer 5,,,Answer 4,,Answer 4,Answer 4,,,,Answer 6,Answer 2,,,,,Answer 8,,Answer 7,,,Answer 5,Answer 7,Answer 3,Answer 2,,Answer 5,,Answer 2,,Answer 5,Answer 2,,Answer 7,Answer 4,,,Answer 2,Answer 7,Answer 6,Answer 5,Answer 3,,Answer 3,Answer 8
182,Answer 2,,,,,,,,,,,Answer 5,Answer 5,Answer 6,,,Answer 8,,,,Answer 6,,Answer 3,,,Answer 6,,Answer 1,Answer 5,,Answer 1,,Answer 3,,Answer 3,Answer 8,,Answer 4,Answer 6,Answer 1,Answer 1,Answer 4,,,,,,Answer 8,Answer 7,,,Answer 1,Answer 6,Answer 2
183,,Answer 2,Answer 5,,Answer 1,,,Answer 3,,Answer 7,Answer 3,Answer 7,Answer 1,,Answer 1,Answer 4,,Answer 3,,Answer 7,,,Answer 1,,,Answer 8,Answer 3,,Answer 5,,,Answer 7,,Answer 2,Answer 3,Answer 4,Answer 8,Answer 7,Answer 5,,Answer 5,Answer 2,,Answer 5,Answer 6,Answer 8,,Answer 6,Answer 3,Answer 1,Answer 7,Answer 4,Answer 1,
184,Answer 4,Answer 2,,,Answer 6,,Answer 5,Answer 8,Answer 5,,,Answer 5,,,Answer 7,Answer 6,,Answer 7,,,,Answer 6,,Answer 7,Answer 3,,Answer 1,Answer 6,Answer 7,,,Answer 2,,,Answer 3,,Answer 7,Answer 6,,,,Answer 5,Answer 5,Answer 1,,,Answer 7,,Answer 7,,Answer 8,Answer 7,Answer 8,Answer 1
185,,,Answer 1,,,,Answer 2,Answer 3,Answer 1,Answer 7,,,Answer 1,Answer 1,,Answer 2,Answer 5,Answer 7,Answer 1,,,,Answer 2,Answer 8,Answer 4,Answer 5,Answer 6,,,,Answer 1,Answer 5,Answer 3,Answer 2,,Answer 1,Answer 6,,Answer 4,,Answer 8,,Answer 8,,,,,Answer 8,Answer 3,Answer 1,Answer 3,Answer 2,Answer 8,
186,,Answer 3,Answer 1,Answer 5,,Answer 4,,Answer 8,,Answer 6,Answer 4,Answer 5,,Answer 7,,Answer 1,Answer 2,,,Answer 2,Answer 7,,Answer 6,,Answer 4,Answer 1,Answer 4,,,Answer 3,Answer 2,Answer 6,Answer 6,,Answer 7,,,,Answer 7,,Answer 8,,Answer 5,Answer 1,,Answer 7,Answer 8,Answer 2,Answer 1,Answer 4,,,,
187,Answer 1,,Answer 2,,Answer 1,Answer 6,,Answer 1,Answer 6,,Answer 2,Answer 5,,,Answer 3,Answer 1,Answer 4,,Answer 6,Answer 2,Answer 5,,Answer 4,,,Answer 2,Answer 3,Answer 4,,Answer 4,,Answer 4,,Answer 1,Answer 5,Answer 8,Answer 6,Answer 4,Answer 4,Answer 3,,Answer 8,Answer 1,Answer 8,,Answer 5,Answer 5,,Answer 5,Answer 6,,,Answer 2,Answer 5
188,Answer 2,,,Answer 2,,Answer 3,,Answer 3,,,,,Answer 2,,Answer 8,,,Answer 2,,,Answer 1,,,Answer 7,Answer 7,Answer 1,,Answer 4,,,Answer 1,Answer 4,,,,Answer 6,,Answer 8,Answer 2,Answer 2,Answer 8,,Answer 4,,Answer 4,Answer 7,Answer 4,,Answer 3,Answer 5,Answer 2,,,
189,Answer 8,Answer 5,Answer 2,Answer 8,,Answer 7,Answer 2,Answer 8,Answer 2,,,Answer 3,,Answer 7,Answer 1,Answer 2,Answer 4,Answer 7,,Answer 7,,Answer 7,Answer 3,Answer 1,,,Answer 1,,Answer 7,Answer 7,Answer 6,,,Answer 5,Answer 2,,Answer 4,Answer 1,Answer 4,,,Answer 6,Answer 6,Answer 2,,,,Answer 5,,,Answer 5,,,
190,,Answer 3,Answer 8,Answer 1,,Answer 8,Answer 7,Answer 1,Answer 5,,,,,Answer 7,Answer 5,,Answer 6,,Answer 5,,Answer 3,Answer 2,,Answer 1,,Answer 1,,,Answer 3,,Answer 7,,Answer 2,Answer 6,Answer 6,Answer 4,Answer 4,Answer 7,Answer 7,Answer 6,Answer 6,,,,,Answer 7,Answer 6,Answer 5,,,,Answer 6,Answer 5,Answer 5
191,Answer 6,Answer 8,,Answer 1,Answer 6,Answer 2,Answer 1,Answer 6,,Answer 1,Answer 1,Answer 4,,,,Answer 3,Answer 7,Answer 4,,Answer 6,,Answer 2,Answer 8,Answer 6,,Answer 7,Answer 1,,Answer 2,,,,,Answer 1,Answer 7,Answer 5,Answer 3,Answer 4,,,Answer 1,,Answer 1,,Answer 5,,Answer 5,Answer 6,,Answer 5,Answer 6,,Answer 1,Answer 6
192,,Answer 8,,Answer 4,,,Answer 6,,,Answer 5,,,Answer 1,,,Answer 2,Answer 1,,Answer 7,,,,Answer 6,,,Answer 5,,Answer 4,,,Answer 4,,Answer 3,,Answer 1,Answer 1,Answer 6,Answer 8,,Answer 8,,,Answer 3,Answer 6,,,,Answer 8,Answer 6,,Answer 5,Answer 6,,
193,Answer 4,Answer 4,Answer 2,,Answer 3,Answer 3,,Answer 8,Answer 8,,Answer 8,Answer 4,Answer 3,Answer 5,,,Answer 7,Answer 5,,Answer 5,,Answer 4,Answer 7,Answer 4,,Answer 4,,,,Answer 1,Answer 8,,Answer 1,,,Answer 5,,Answer 3,,Answer 8,,,Answer 1,Answer 2,Answer 1,Answer 1,Answer 3,Answer 6,Answer 6,Answer 8,,,,Answer 8
194,,Answer 2,,Answer 6,,,Answer 3,Answer 2,,Answer 8,Answer 4,Answer 6,Answer 4,Answer 4,Answer 1,Answer 1,Answer 3,,Answer 1,Answer 5,Answer 6,Answer 2,Answer 6,,Answer 5,Answer 3,Answer 7,Answer 3,,Answer 3,Answer 4,Answer 6,,,Answer 1,Answer 8,Answer 7,Answer 2,,Answer 6,Answer 3,Answer 7,Answer 4,Answer 5,Answer 5,,Answer 5,,,Answer 2,,,,Answer 6
195,,,,,,Answer 3,,,,Answer 7,Answer 7,,Answer 6,,Answer 2,,,,Answer 4,,Answer 1,Answer 4,,Answer 2,Answer 6,,Answer 7,,,Answer 3,Answer 3,,Answer 7,Answer 4,,,Answer 6,Answer 2,Answer 5,,Answer 5,Answer 4,Answer 5,,,Answer 7,,,,,,,Answer 3,
196,,Answer 1,Answer 3,,,,Answer 2,,Answer 4,,,Answer 3,Answer 3,,Answer 8,Answer 1,Answer 5,,,Answer 4,,Answer 2,Answer 4,Answer 1,,Answer 2,,,Answer 1,,,,Answer 5,Answer 2,,,Answer 8,,Answer 2,,Answer 8,,Answer 5,Answer 8,Answer 2,,Answer 3,Answer 5,,Answer 8,Answer 3,Answer 3,,
197,Answer 8,,,Answer 6,,,,Answer 1,,Answer 8,,Answer 5,Answer 2,Answer 5,Answer 8,,,,,,,,,,,Answer 3,Answer 6,Answer 6,Answer 8,,,,Answer 6,Answer 5,Answer 3,Answer 8,,Answer 3,Answer 5,Answer 1,Answer 8,,Answer 5,,Answer 3,,Answer 7,,,,,Answer 3,,
